,alpha,train_acc,test_acc
0,0.5,0.9981990394877268,0.9781
1,1.0,0.9990661686232657,0.9776
2,2.0,0.9969817235859125,0.9752
3,5.0,0.9875767075773746,0.9668
