,alpha,train_acc,test_acc
0,0.25,0.994530416221985,0.9794
1,0.5,0.9981990394877268,0.9781
2,0.75,0.9985325506937033,0.9759
3,1.0,0.9990661686232657,0.9776
4,1.5,0.9986492796157951,0.974
5,2.0,0.9969817235859125,0.9752
6,3.0,0.9937466648879403,0.9704
7,4.0,0.9898112326574173,0.9688
8,5.0,0.9875767075773746,0.9668
9,6.0,0.9828575240128068,0.966
10,7.0,0.9789220917822838,0.9612
11,8.0,0.9776213980789754,0.9646
12,9.0,0.9740361526147279,0.9642
13,10.0,0.9745697705442903,0.9612
